id,check_id,asset_id,check_type,metric,value,unit,status,severity,message,observed_at,metadata_json
1,CHK-DEMO-004A1CAC,SRV-WIN-01,SYSTEM,cpu_percent,42,%,HEALTHY,INFO,Cpu Percent measured 42%,2026-09-29T03:02:58.536518+00:00,"{""source"": ""deterministic-demo""}"
2,CHK-DEMO-D77D8349,SRV-WIN-01,SYSTEM,memory_percent,57,%,HEALTHY,INFO,Memory Percent measured 57%,2026-09-29T03:02:58.536518+00:00,"{""source"": ""deterministic-demo""}"
3,CHK-DEMO-185A2D72,SRV-LNX-01,SYSTEM,disk_percent,69,%,HEALTHY,INFO,Disk Percent measured 69%,2026-09-29T03:02:58.536518+00:00,"{""source"": ""deterministic-demo""}"
4,CHK-DEMO-699D8CBB,NET-FW-01,NETWORK,latency_ms,38,ms,HEALTHY,INFO,Latency Ms measured 38ms,2026-09-29T03:02:58.536518+00:00,"{""source"": ""deterministic-demo""}"
5,CHK-DEMO-1FDF2629,CLOUD-AZ-01,CLOUD,active_cloud_alerts,0, alerts,HEALTHY,INFO,Active Cloud Alerts measured 0 alerts,2026-09-29T03:02:58.536518+00:00,"{""source"": ""deterministic-demo""}"
6,CHK-DEMO-26674AEC,VMW-VC-01,VMWARE,unhealthy_hosts,0, hosts,HEALTHY,INFO,Unhealthy Hosts measured 0 hosts,2026-09-29T03:02:58.536518+00:00,"{""source"": ""deterministic-demo""}"
7,CHK-DEMO-6074B244,JOB-JDE-01,SCHEDULED_JOB,job_last_success_age,12, min,HEALTHY,INFO,Job Last Success Age measured 12 min,2026-09-29T03:02:58.536518+00:00,"{""source"": ""deterministic-demo""}"
8,CHK-DEMO-28D7D416,DB-SQL-01,DATABASE,database_availability,1,boolean,HEALTHY,INFO,Database is available,2026-09-29T03:02:58.536518+00:00,"{""source"": ""deterministic-demo""}"
9,CHK-DEMO-9983600E,SRV-WIN-01,SYSTEM,cpu_percent,48,%,HEALTHY,INFO,Cpu Percent measured 48%,2026-09-29T03:22:58.536518+00:00,"{""source"": ""deterministic-demo""}"
10,CHK-DEMO-5CAA1176,SRV-WIN-01,SYSTEM,memory_percent,61,%,HEALTHY,INFO,Memory Percent measured 61%,2026-09-29T03:22:58.536518+00:00,"{""source"": ""deterministic-demo""}"
11,CHK-DEMO-92321119,SRV-LNX-01,SYSTEM,disk_percent,72,%,HEALTHY,INFO,Disk Percent measured 72%,2026-09-29T03:22:58.536518+00:00,"{""source"": ""deterministic-demo""}"
12,CHK-DEMO-C9FFB969,NET-FW-01,NETWORK,latency_ms,42,ms,HEALTHY,INFO,Latency Ms measured 42ms,2026-09-29T03:22:58.536518+00:00,"{""source"": ""deterministic-demo""}"
13,CHK-DEMO-65DC224A,CLOUD-AZ-01,CLOUD,active_cloud_alerts,0, alerts,HEALTHY,INFO,Active Cloud Alerts measured 0 alerts,2026-09-29T03:22:58.536518+00:00,"{""source"": ""deterministic-demo""}"
14,CHK-DEMO-F1E90121,VMW-VC-01,VMWARE,unhealthy_hosts,0, hosts,HEALTHY,INFO,Unhealthy Hosts measured 0 hosts,2026-09-29T03:22:58.536518+00:00,"{""source"": ""deterministic-demo""}"
15,CHK-DEMO-DD2EE470,JOB-JDE-01,SCHEDULED_JOB,job_last_success_age,14, min,HEALTHY,INFO,Job Last Success Age measured 14 min,2026-09-29T03:22:58.536518+00:00,"{""source"": ""deterministic-demo""}"
16,CHK-DEMO-39474960,DB-SQL-01,DATABASE,database_availability,1,boolean,HEALTHY,INFO,Database is available,2026-09-29T03:22:58.536518+00:00,"{""source"": ""deterministic-demo""}"
17,CHK-DEMO-B8F5506B,SRV-WIN-01,SYSTEM,cpu_percent,55,%,HEALTHY,INFO,Cpu Percent measured 55%,2026-09-29T03:42:58.536518+00:00,"{""source"": ""deterministic-demo""}"
18,CHK-DEMO-048C9F18,SRV-WIN-01,SYSTEM,memory_percent,64,%,HEALTHY,INFO,Memory Percent measured 64%,2026-09-29T03:42:58.536518+00:00,"{""source"": ""deterministic-demo""}"
19,CHK-DEMO-59AD3EA7,SRV-LNX-01,SYSTEM,disk_percent,75,%,HEALTHY,INFO,Disk Percent measured 75%,2026-09-29T03:42:58.536518+00:00,"{""source"": ""deterministic-demo""}"
20,CHK-DEMO-AD0D099D,NET-FW-01,NETWORK,latency_ms,55,ms,HEALTHY,INFO,Latency Ms measured 55ms,2026-09-29T03:42:58.536518+00:00,"{""source"": ""deterministic-demo""}"
21,CHK-DEMO-44EB21F1,CLOUD-AZ-01,CLOUD,active_cloud_alerts,0, alerts,HEALTHY,INFO,Active Cloud Alerts measured 0 alerts,2026-09-29T03:42:58.536518+00:00,"{""source"": ""deterministic-demo""}"
22,CHK-DEMO-CE5F7099,VMW-VC-01,VMWARE,unhealthy_hosts,1, hosts,WARNING,HIGH,Unhealthy Hosts measured 1 hosts,2026-09-29T03:42:58.536518+00:00,"{""source"": ""deterministic-demo""}"
23,CHK-DEMO-FC23528F,JOB-JDE-01,SCHEDULED_JOB,job_last_success_age,18, min,HEALTHY,INFO,Job Last Success Age measured 18 min,2026-09-29T03:42:58.536518+00:00,"{""source"": ""deterministic-demo""}"
24,CHK-DEMO-770F30E2,DB-SQL-01,DATABASE,database_availability,1,boolean,HEALTHY,INFO,Database is available,2026-09-29T03:42:58.536518+00:00,"{""source"": ""deterministic-demo""}"
25,CHK-DEMO-BDBE547C,SRV-WIN-01,SYSTEM,cpu_percent,84,%,WARNING,HIGH,Cpu Percent measured 84%,2026-09-29T04:02:58.536518+00:00,"{""source"": ""deterministic-demo""}"
26,CHK-DEMO-962A904D,SRV-WIN-01,SYSTEM,memory_percent,68,%,HEALTHY,INFO,Memory Percent measured 68%,2026-09-29T04:02:58.536518+00:00,"{""source"": ""deterministic-demo""}"
27,CHK-DEMO-24351AEB,SRV-LNX-01,SYSTEM,disk_percent,79,%,HEALTHY,INFO,Disk Percent measured 79%,2026-09-29T04:02:58.536518+00:00,"{""source"": ""deterministic-demo""}"
28,CHK-DEMO-7E25980C,NET-FW-01,NETWORK,latency_ms,88,ms,HEALTHY,INFO,Latency Ms measured 88ms,2026-09-29T04:02:58.536518+00:00,"{""source"": ""deterministic-demo""}"
29,CHK-DEMO-C1B8BA0E,CLOUD-AZ-01,CLOUD,active_cloud_alerts,1, alerts,WARNING,HIGH,Active Cloud Alerts measured 1 alerts,2026-09-29T04:02:58.536518+00:00,"{""source"": ""deterministic-demo""}"
30,CHK-DEMO-6C649650,VMW-VC-01,VMWARE,unhealthy_hosts,0, hosts,HEALTHY,INFO,Unhealthy Hosts measured 0 hosts,2026-09-29T04:02:58.536518+00:00,"{""source"": ""deterministic-demo""}"
31,CHK-DEMO-303C380B,JOB-JDE-01,SCHEDULED_JOB,job_last_success_age,25, min,HEALTHY,INFO,Job Last Success Age measured 25 min,2026-09-29T04:02:58.536518+00:00,"{""source"": ""deterministic-demo""}"
32,CHK-DEMO-F2B865BF,DB-SQL-01,DATABASE,database_availability,1,boolean,HEALTHY,INFO,Database is available,2026-09-29T04:02:58.536518+00:00,"{""source"": ""deterministic-demo""}"
33,CHK-DEMO-C01A7878,SRV-WIN-01,SYSTEM,cpu_percent,93,%,CRITICAL,CRITICAL,Cpu Percent measured 93%,2026-09-29T04:22:58.536518+00:00,"{""source"": ""deterministic-demo""}"
34,CHK-DEMO-3C4737D5,SRV-WIN-01,SYSTEM,memory_percent,72,%,HEALTHY,INFO,Memory Percent measured 72%,2026-09-29T04:22:58.536518+00:00,"{""source"": ""deterministic-demo""}"
35,CHK-DEMO-C0382511,SRV-LNX-01,SYSTEM,disk_percent,83,%,WARNING,HIGH,Disk Percent measured 83%,2026-09-29T04:22:58.536518+00:00,"{""source"": ""deterministic-demo""}"
36,CHK-DEMO-DD95AEB6,NET-FW-01,NETWORK,latency_ms,265,ms,WARNING,HIGH,Latency Ms measured 265ms,2026-09-29T04:22:58.536518+00:00,"{""source"": ""deterministic-demo""}"
37,CHK-DEMO-ECC9D773,CLOUD-AZ-01,CLOUD,active_cloud_alerts,0, alerts,HEALTHY,INFO,Active Cloud Alerts measured 0 alerts,2026-09-29T04:22:58.536518+00:00,"{""source"": ""deterministic-demo""}"
38,CHK-DEMO-927499FE,VMW-VC-01,VMWARE,unhealthy_hosts,0, hosts,HEALTHY,INFO,Unhealthy Hosts measured 0 hosts,2026-09-29T04:22:58.536518+00:00,"{""source"": ""deterministic-demo""}"
39,CHK-DEMO-429AA594,JOB-JDE-01,SCHEDULED_JOB,job_last_success_age,44, min,HEALTHY,INFO,Job Last Success Age measured 44 min,2026-09-29T04:22:58.536518+00:00,"{""source"": ""deterministic-demo""}"
40,CHK-DEMO-40B32002,DB-SQL-01,DATABASE,database_availability,0,boolean,CRITICAL,CRITICAL,Database connection failed,2026-09-29T04:22:58.536518+00:00,"{""source"": ""deterministic-demo""}"
41,CHK-DEMO-A60B0F9D,SRV-WIN-01,SYSTEM,cpu_percent,95,%,CRITICAL,CRITICAL,Cpu Percent measured 95%,2026-09-29T04:42:58.536518+00:00,"{""source"": ""deterministic-demo""}"
42,CHK-DEMO-A681883A,SRV-WIN-01,SYSTEM,memory_percent,83,%,WARNING,HIGH,Memory Percent measured 83%,2026-09-29T04:42:58.536518+00:00,"{""source"": ""deterministic-demo""}"
43,CHK-DEMO-78F0FF64,SRV-LNX-01,SYSTEM,disk_percent,88,%,WARNING,HIGH,Disk Percent measured 88%,2026-09-29T04:42:58.536518+00:00,"{""source"": ""deterministic-demo""}"
44,CHK-DEMO-C67AA608,NET-FW-01,NETWORK,latency_ms,1250,ms,CRITICAL,CRITICAL,Latency Ms measured 1250ms,2026-09-29T04:42:58.536518+00:00,"{""source"": ""deterministic-demo""}"
45,CHK-DEMO-09EDE315,CLOUD-AZ-01,CLOUD,active_cloud_alerts,0, alerts,HEALTHY,INFO,Active Cloud Alerts measured 0 alerts,2026-09-29T04:42:58.536518+00:00,"{""source"": ""deterministic-demo""}"
46,CHK-DEMO-323180DC,VMW-VC-01,VMWARE,unhealthy_hosts,0, hosts,HEALTHY,INFO,Unhealthy Hosts measured 0 hosts,2026-09-29T04:42:58.536518+00:00,"{""source"": ""deterministic-demo""}"
47,CHK-DEMO-46DFD5D6,JOB-JDE-01,SCHEDULED_JOB,job_last_success_age,72, min,WARNING,HIGH,Job Last Success Age measured 72 min,2026-09-29T04:42:58.536518+00:00,"{""source"": ""deterministic-demo""}"
48,CHK-DEMO-B5D43BCD,DB-SQL-01,DATABASE,database_availability,0,boolean,CRITICAL,CRITICAL,Database connection failed,2026-09-29T04:42:58.536518+00:00,"{""source"": ""deterministic-demo""}"
49,CHK-DEMO-D9CD7D88,SRV-WIN-01,SYSTEM,cpu_percent,87,%,WARNING,HIGH,Cpu Percent measured 87%,2026-09-29T05:02:58.536518+00:00,"{""source"": ""deterministic-demo""}"
50,CHK-DEMO-B0E0DC1E,SRV-WIN-01,SYSTEM,memory_percent,91,%,CRITICAL,CRITICAL,Memory Percent measured 91%,2026-09-29T05:02:58.536518+00:00,"{""source"": ""deterministic-demo""}"
51,CHK-DEMO-40F5E653,SRV-LNX-01,SYSTEM,disk_percent,92,%,CRITICAL,CRITICAL,Disk Percent measured 92%,2026-09-29T05:02:58.536518+00:00,"{""source"": ""deterministic-demo""}"
52,CHK-DEMO-E52164C3,NET-FW-01,NETWORK,latency_ms,780,ms,WARNING,HIGH,Latency Ms measured 780ms,2026-09-29T05:02:58.536518+00:00,"{""source"": ""deterministic-demo""}"
53,CHK-DEMO-7F31488F,CLOUD-AZ-01,CLOUD,active_cloud_alerts,0, alerts,HEALTHY,INFO,Active Cloud Alerts measured 0 alerts,2026-09-29T05:02:58.536518+00:00,"{""source"": ""deterministic-demo""}"
54,CHK-DEMO-69CE08B5,VMW-VC-01,VMWARE,unhealthy_hosts,0, hosts,HEALTHY,INFO,Unhealthy Hosts measured 0 hosts,2026-09-29T05:02:58.536518+00:00,"{""source"": ""deterministic-demo""}"
55,CHK-DEMO-AA0325A3,JOB-JDE-01,SCHEDULED_JOB,job_last_success_age,96, min,CRITICAL,CRITICAL,Job Last Success Age measured 96 min,2026-09-29T05:02:58.536518+00:00,"{""source"": ""deterministic-demo""}"
56,CHK-DEMO-64C4B93D,DB-SQL-01,DATABASE,database_availability,1,boolean,HEALTHY,INFO,Database is available,2026-09-29T05:02:58.536518+00:00,"{""source"": ""deterministic-demo""}"
57,CHK-DEMO-AB5FDE0C,SRV-WIN-01,SYSTEM,cpu_percent,71,%,HEALTHY,INFO,Cpu Percent measured 71%,2026-09-29T05:22:58.536518+00:00,"{""source"": ""deterministic-demo""}"
58,CHK-DEMO-3AB78EA7,SRV-WIN-01,SYSTEM,memory_percent,86,%,WARNING,HIGH,Memory Percent measured 86%,2026-09-29T05:22:58.536518+00:00,"{""source"": ""deterministic-demo""}"
59,CHK-DEMO-BA2564AA,SRV-LNX-01,SYSTEM,disk_percent,94,%,CRITICAL,CRITICAL,Disk Percent measured 94%,2026-09-29T05:22:58.536518+00:00,"{""source"": ""deterministic-demo""}"
60,CHK-DEMO-24773A30,NET-FW-01,NETWORK,latency_ms,310,ms,WARNING,HIGH,Latency Ms measured 310ms,2026-09-29T05:22:58.536518+00:00,"{""source"": ""deterministic-demo""}"
61,CHK-DEMO-3E5318CC,CLOUD-AZ-01,CLOUD,active_cloud_alerts,0, alerts,HEALTHY,INFO,Active Cloud Alerts measured 0 alerts,2026-09-29T05:22:58.536518+00:00,"{""source"": ""deterministic-demo""}"
62,CHK-DEMO-422B12AC,VMW-VC-01,VMWARE,unhealthy_hosts,0, hosts,HEALTHY,INFO,Unhealthy Hosts measured 0 hosts,2026-09-29T05:22:58.536518+00:00,"{""source"": ""deterministic-demo""}"
63,CHK-DEMO-A736ED49,JOB-JDE-01,SCHEDULED_JOB,job_last_success_age,121, min,CRITICAL,CRITICAL,Job Last Success Age measured 121 min,2026-09-29T05:22:58.536518+00:00,"{""source"": ""deterministic-demo""}"
64,CHK-DEMO-3C70F4BD,DB-SQL-01,DATABASE,database_availability,1,boolean,HEALTHY,INFO,Database is available,2026-09-29T05:22:58.536518+00:00,"{""source"": ""deterministic-demo""}"
65,CHK-DEMO-63517E87,SRV-WIN-01,SYSTEM,cpu_percent,58,%,HEALTHY,INFO,Cpu Percent measured 58%,2026-09-29T05:42:58.536518+00:00,"{""source"": ""deterministic-demo""}"
66,CHK-DEMO-71D634C5,SRV-WIN-01,SYSTEM,memory_percent,76,%,HEALTHY,INFO,Memory Percent measured 76%,2026-09-29T05:42:58.536518+00:00,"{""source"": ""deterministic-demo""}"
67,CHK-DEMO-3538C18C,SRV-LNX-01,SYSTEM,disk_percent,89,%,WARNING,HIGH,Disk Percent measured 89%,2026-09-29T05:42:58.536518+00:00,"{""source"": ""deterministic-demo""}"
68,CHK-DEMO-1C1C0779,NET-FW-01,NETWORK,latency_ms,140,ms,HEALTHY,INFO,Latency Ms measured 140ms,2026-09-29T05:42:58.536518+00:00,"{""source"": ""deterministic-demo""}"
69,CHK-DEMO-0DAD9F81,CLOUD-AZ-01,CLOUD,active_cloud_alerts,0, alerts,HEALTHY,INFO,Active Cloud Alerts measured 0 alerts,2026-09-29T05:42:58.536518+00:00,"{""source"": ""deterministic-demo""}"
70,CHK-DEMO-A4076C3D,VMW-VC-01,VMWARE,unhealthy_hosts,0, hosts,HEALTHY,INFO,Unhealthy Hosts measured 0 hosts,2026-09-29T05:42:58.536518+00:00,"{""source"": ""deterministic-demo""}"
71,CHK-DEMO-FA21C306,JOB-JDE-01,SCHEDULED_JOB,job_last_success_age,18, min,HEALTHY,INFO,Job Last Success Age measured 18 min,2026-09-29T05:42:58.536518+00:00,"{""source"": ""deterministic-demo""}"
72,CHK-DEMO-6BDED8F0,DB-SQL-01,DATABASE,database_availability,1,boolean,HEALTHY,INFO,Database is available,2026-09-29T05:42:58.536518+00:00,"{""source"": ""deterministic-demo""}"
73,CHK-DEMO-F1F250CB,SRV-WIN-01,SYSTEM,cpu_percent,49,%,HEALTHY,INFO,Cpu Percent measured 49%,2026-09-29T06:02:58.536518+00:00,"{""source"": ""deterministic-demo""}"
74,CHK-DEMO-942BFA67,SRV-WIN-01,SYSTEM,memory_percent,68,%,HEALTHY,INFO,Memory Percent measured 68%,2026-09-29T06:02:58.536518+00:00,"{""source"": ""deterministic-demo""}"
75,CHK-DEMO-972B4616,SRV-LNX-01,SYSTEM,disk_percent,78,%,HEALTHY,INFO,Disk Percent measured 78%,2026-09-29T06:02:58.536518+00:00,"{""source"": ""deterministic-demo""}"
76,CHK-DEMO-3140ABDB,NET-FW-01,NETWORK,latency_ms,74,ms,HEALTHY,INFO,Latency Ms measured 74ms,2026-09-29T06:02:58.536518+00:00,"{""source"": ""deterministic-demo""}"
77,CHK-DEMO-9EFD4371,CLOUD-AZ-01,CLOUD,active_cloud_alerts,0, alerts,HEALTHY,INFO,Active Cloud Alerts measured 0 alerts,2026-09-29T06:02:58.536518+00:00,"{""source"": ""deterministic-demo""}"
78,CHK-DEMO-86B84A6C,VMW-VC-01,VMWARE,unhealthy_hosts,0, hosts,HEALTHY,INFO,Unhealthy Hosts measured 0 hosts,2026-09-29T06:02:58.536518+00:00,"{""source"": ""deterministic-demo""}"
79,CHK-DEMO-2EA0CB49,JOB-JDE-01,SCHEDULED_JOB,job_last_success_age,13, min,HEALTHY,INFO,Job Last Success Age measured 13 min,2026-09-29T06:02:58.536518+00:00,"{""source"": ""deterministic-demo""}"
80,CHK-DEMO-C0168FFB,DB-SQL-01,DATABASE,database_availability,1,boolean,HEALTHY,INFO,Database is available,2026-09-29T06:02:58.536518+00:00,"{""source"": ""deterministic-demo""}"
81,CHK-DEMO-33A3B51F,SRV-WIN-01,SYSTEM,cpu_percent,45,%,HEALTHY,INFO,Cpu Percent measured 45%,2026-09-29T06:22:58.536518+00:00,"{""source"": ""deterministic-demo""}"
82,CHK-DEMO-2F98AE0B,SRV-WIN-01,SYSTEM,memory_percent,62,%,HEALTHY,INFO,Memory Percent measured 62%,2026-09-29T06:22:58.536518+00:00,"{""source"": ""deterministic-demo""}"
83,CHK-DEMO-42762F07,SRV-LNX-01,SYSTEM,disk_percent,74,%,HEALTHY,INFO,Disk Percent measured 74%,2026-09-29T06:22:58.536518+00:00,"{""source"": ""deterministic-demo""}"
84,CHK-DEMO-9265C69A,NET-FW-01,NETWORK,latency_ms,51,ms,HEALTHY,INFO,Latency Ms measured 51ms,2026-09-29T06:22:58.536518+00:00,"{""source"": ""deterministic-demo""}"
85,CHK-DEMO-2F100E44,CLOUD-AZ-01,CLOUD,active_cloud_alerts,0, alerts,HEALTHY,INFO,Active Cloud Alerts measured 0 alerts,2026-09-29T06:22:58.536518+00:00,"{""source"": ""deterministic-demo""}"
86,CHK-DEMO-94D30D19,VMW-VC-01,VMWARE,unhealthy_hosts,0, hosts,HEALTHY,INFO,Unhealthy Hosts measured 0 hosts,2026-09-29T06:22:58.536518+00:00,"{""source"": ""deterministic-demo""}"
87,CHK-DEMO-7910AC28,JOB-JDE-01,SCHEDULED_JOB,job_last_success_age,11, min,HEALTHY,INFO,Job Last Success Age measured 11 min,2026-09-29T06:22:58.536518+00:00,"{""source"": ""deterministic-demo""}"
88,CHK-DEMO-6D6D0E0B,DB-SQL-01,DATABASE,database_availability,1,boolean,HEALTHY,INFO,Database is available,2026-09-29T06:22:58.536518+00:00,"{""source"": ""deterministic-demo""}"
89,CHK-DEMO-496720E9,SRV-WIN-01,SYSTEM,cpu_percent,43,%,HEALTHY,INFO,Cpu Percent measured 43%,2026-09-29T06:42:58.536518+00:00,"{""source"": ""deterministic-demo""}"
90,CHK-DEMO-5B6E6E02,SRV-WIN-01,SYSTEM,memory_percent,58,%,HEALTHY,INFO,Memory Percent measured 58%,2026-09-29T06:42:58.536518+00:00,"{""source"": ""deterministic-demo""}"
91,CHK-DEMO-87C78C1B,SRV-LNX-01,SYSTEM,disk_percent,71,%,HEALTHY,INFO,Disk Percent measured 71%,2026-09-29T06:42:58.536518+00:00,"{""source"": ""deterministic-demo""}"
92,CHK-DEMO-E6D320FF,NET-FW-01,NETWORK,latency_ms,43,ms,HEALTHY,INFO,Latency Ms measured 43ms,2026-09-29T06:42:58.536518+00:00,"{""source"": ""deterministic-demo""}"
93,CHK-DEMO-E19EAE53,CLOUD-AZ-01,CLOUD,active_cloud_alerts,0, alerts,HEALTHY,INFO,Active Cloud Alerts measured 0 alerts,2026-09-29T06:42:58.536518+00:00,"{""source"": ""deterministic-demo""}"
94,CHK-DEMO-A4FB2849,VMW-VC-01,VMWARE,unhealthy_hosts,0, hosts,HEALTHY,INFO,Unhealthy Hosts measured 0 hosts,2026-09-29T06:42:58.536518+00:00,"{""source"": ""deterministic-demo""}"
95,CHK-DEMO-DA41012C,JOB-JDE-01,SCHEDULED_JOB,job_last_success_age,10, min,HEALTHY,INFO,Job Last Success Age measured 10 min,2026-09-29T06:42:58.536518+00:00,"{""source"": ""deterministic-demo""}"
96,CHK-DEMO-D85BAED4,DB-SQL-01,DATABASE,database_availability,1,boolean,HEALTHY,INFO,Database is available,2026-09-29T06:42:58.536518+00:00,"{""source"": ""deterministic-demo""}"
