id,incident_id,event_type,details,created_at
1,INC-20260929-75BE7B99,CREATED,Incident created with 30 minute SLA,2026-09-29T03:42:58.536518+00:00
2,INC-20260929-33B542E6,CREATED,Incident created with 30 minute SLA,2026-09-29T04:02:58.536518+00:00
3,INC-20260929-F13C440D,CREATED,Incident created with 30 minute SLA,2026-09-29T04:02:58.536518+00:00
4,INC-20260929-75BE7B99,RESOLVED,Monitoring returned to a healthy state,2026-09-29T04:02:58.536518+00:00
5,INC-20260929-33B542E6,REPEATED_ALERT,Cpu Percent measured 93%,2026-09-29T04:22:58.536518+00:00
6,INC-20260929-1207D88F,CREATED,Incident created with 30 minute SLA,2026-09-29T04:22:58.536518+00:00
7,INC-20260929-7780F568,CREATED,Incident created with 30 minute SLA,2026-09-29T04:22:58.536518+00:00
8,INC-20260929-F13C440D,RESOLVED,Monitoring returned to a healthy state,2026-09-29T04:22:58.536518+00:00
9,INC-20260929-143FEE20,CREATED,Incident created with 15 minute SLA,2026-09-29T04:22:58.536518+00:00
10,INC-20260929-33B542E6,REPEATED_ALERT,Cpu Percent measured 95%,2026-09-29T04:42:58.536518+00:00
11,INC-20260929-E08D4CA2,CREATED,Incident created with 30 minute SLA,2026-09-29T04:42:58.536518+00:00
12,INC-20260929-1207D88F,REPEATED_ALERT,Disk Percent measured 88%,2026-09-29T04:42:58.536518+00:00
13,INC-20260929-7780F568,REPEATED_ALERT,Latency Ms measured 1250ms,2026-09-29T04:42:58.536518+00:00
14,INC-20260929-407E3D7F,CREATED,Incident created with 30 minute SLA,2026-09-29T04:42:58.536518+00:00
15,INC-20260929-143FEE20,REPEATED_ALERT,Database connection failed,2026-09-29T04:42:58.536518+00:00
16,INC-20260929-33B542E6,ESCALATED,SLA breached; escalated to level 1,2026-09-29T04:42:58.536518+00:00
17,INC-20260929-143FEE20,ESCALATED,SLA breached; escalated to level 1,2026-09-29T04:42:58.536518+00:00
18,INC-20260929-33B542E6,REPEATED_ALERT,Cpu Percent measured 87%,2026-09-29T05:02:58.536518+00:00
19,INC-20260929-E08D4CA2,REPEATED_ALERT,Memory Percent measured 91%,2026-09-29T05:02:58.536518+00:00
20,INC-20260929-1207D88F,REPEATED_ALERT,Disk Percent measured 92%,2026-09-29T05:02:58.536518+00:00
21,INC-20260929-7780F568,REPEATED_ALERT,Latency Ms measured 780ms,2026-09-29T05:02:58.536518+00:00
22,INC-20260929-407E3D7F,REPEATED_ALERT,Job Last Success Age measured 96 min,2026-09-29T05:02:58.536518+00:00
23,INC-20260929-143FEE20,RESOLVED,Monitoring returned to a healthy state,2026-09-29T05:02:58.536518+00:00
24,INC-20260929-1207D88F,ESCALATED,SLA breached; escalated to level 1,2026-09-29T05:02:58.536518+00:00
25,INC-20260929-7780F568,ESCALATED,SLA breached; escalated to level 1,2026-09-29T05:02:58.536518+00:00
26,INC-20260929-33B542E6,ESCALATED,SLA breached; escalated to level 2,2026-09-29T05:02:58.536518+00:00
27,INC-20260929-33B542E6,RESOLVED,Monitoring returned to a healthy state,2026-09-29T05:22:58.536518+00:00
28,INC-20260929-E08D4CA2,REPEATED_ALERT,Memory Percent measured 86%,2026-09-29T05:22:58.536518+00:00
29,INC-20260929-1207D88F,REPEATED_ALERT,Disk Percent measured 94%,2026-09-29T05:22:58.536518+00:00
30,INC-20260929-7780F568,REPEATED_ALERT,Latency Ms measured 310ms,2026-09-29T05:22:58.536518+00:00
31,INC-20260929-407E3D7F,REPEATED_ALERT,Job Last Success Age measured 121 min,2026-09-29T05:22:58.536518+00:00
32,INC-20260929-E08D4CA2,ESCALATED,SLA breached; escalated to level 1,2026-09-29T05:22:58.536518+00:00
33,INC-20260929-407E3D7F,ESCALATED,SLA breached; escalated to level 1,2026-09-29T05:22:58.536518+00:00
34,INC-20260929-1207D88F,ESCALATED,SLA breached; escalated to level 2,2026-09-29T05:22:58.536518+00:00
35,INC-20260929-7780F568,ESCALATED,SLA breached; escalated to level 2,2026-09-29T05:22:58.536518+00:00
36,INC-20260929-E08D4CA2,RESOLVED,Monitoring returned to a healthy state,2026-09-29T05:42:58.536518+00:00
37,INC-20260929-1207D88F,REPEATED_ALERT,Disk Percent measured 89%,2026-09-29T05:42:58.536518+00:00
38,INC-20260929-7780F568,RESOLVED,Monitoring returned to a healthy state,2026-09-29T05:42:58.536518+00:00
39,INC-20260929-407E3D7F,RESOLVED,Monitoring returned to a healthy state,2026-09-29T05:42:58.536518+00:00
40,INC-20260929-1207D88F,ESCALATED,SLA breached; escalated to level 3,2026-09-29T05:42:58.536518+00:00
41,INC-20260929-1207D88F,RESOLVED,Monitoring returned to a healthy state,2026-09-29T06:02:58.536518+00:00
